SNR name,RA_deg,Dec_deg,l_deg,b_deg,Diameter_arcmin,FluxDensity_Jy,Table,Catalog
G278.9+1.3,149.96249999999998,-53.33333333,278.94122673908765,1.3513937807022995,200.0,30.0,2,ASKAP
G284.3-1.8,154.5625,-59.0,284.30872186696257,-1.783069489,24.0,14.0,2,ASKAP
G286.1-1.1,158.225,-59.41666667,286.1204532230081,-1.144606462,55.0,1.4,2,ASKAP
G288.8-6.3,157.58333333333331,-65.25,288.85305521913165,-6.310377104,108.0,7.0,2,ASKAP
G290.1-0.8,165.77083333333331,-60.93333333,290.14941872277745,-0.77956304,19.0,42.0,2,ASKAP
G291.0+0.1,168.0708333333333,-60.48333333,291.0107504502036,0.07291835,30.0,22.0,2,ASKAP
G292.0+1.8,171.14999999999998,-59.26666667,292.03027427765085,1.754620376377365,12.0,14.5,2,ASKAP
G292.2-0.5,169.83333333333331,-61.46666667,292.16295513146315,-0.535724953,20.0,5.2,2,ASKAP
G296.1-0.5,177.79166666666666,-62.56666667,296.0529032129825,-0.502647216,37.0,8.0,2,ASKAP
G299.2-2.9,183.80416666666665,-65.5,299.1849228958987,-2.892107594,18.0,0.66,2,ASKAP
G301.4-1.0,189.47916666666663,-63.81666667,301.4408573230472,-0.984071639,37.0,3.5,2,ASKAP
G308.5-1.4,205.40416666666667,-63.68333333,308.4591631451684,-1.351374386,18.0,1.1,2,ASKAP
G308.8-0.1,205.625,-62.38333333,308.81091419681866,-0.095859023,30.0,16.0,2,ASKAP
G310.6-1.6,210.1875,-63.43333333,310.5898349378788,-1.596821457,2.5,0.281,2,ASKAP
G310.8-0.4,210.0,-62.28333333,310.8106598706806,-0.464979118,12.0,9.0,2,ASKAP
G311.5-0.3,211.4083333333333,-61.96666667,311.5305203262388,-0.339913382,5.0,3.3,2,ASKAP
G312.4-0.4,213.25,-61.73333333,312.42947456987963,-0.374838825,38.0,45.0,2,ASKAP
G312.5-3.0,215.25,-64.2,312.48813054815133,-3.002700235,20.0,3.5,2,ASKAP
G315.4-0.3,218.97916666666663,-60.6,315.4132829161204,-0.285252964,24.0,8.0,2,ASKAP
G315.4-2.3,220.75,-62.5,315.4168310552162,-2.363928064,42.0,32.0,2,ASKAP
G315.9-0.0,219.60416666666663,-60.18333333,315.86187838227244,-0.025016659,25.0,0.75,2,ASKAP
G316.3-0.0,220.375,-60.0,316.2875518078141,-0.013448327,29.0,23.1,2,ASKAP
G318.2+0.1,223.7083333333333,-59.06666667,318.2149613526415,0.093855544,40.0,3.9,2,ASKAP
G320.6-1.6,229.4583333333333,-59.26666667,320.6779285622394,-1.535628058,60.0,14.0,2,ASKAP
G309.2-0.6,206.67638523464177,-62.79721175,309.2,-0.6,15.0,6.2,3,ASKAP
G292.3+0.6,170.89166666666662,-60.46055556,292.3033059660381,0.5851445165335519,19.0,0.8,4,ASKAP
G309.8-2.6,209.25,-64.48888889,309.9192020268707,-2.51024202,35.0,2.8,4,ASKAP
G310.7-5.4,213.075,-67.08416667,310.69976378373457,-5.43989854,31.0,1.3,4,ASKAP
G320.6-0.9,228.76666666666665,-58.78333333,320.6296934463051,-0.937300119,4.0,0.5,4,ASKAP
G321.3-3.9,233.0583333333333,-60.865,321.2903593620033,-3.860427685,109.0,Null,4,ASKAP
G281.2-0.1,151.62916666666666,-55.79305556,281.1837242672226,-0.046861562,68.0,8.0,4,ASKAP
G286.5+1.0,161.09999999999997,-57.80277778,286.6417281991934,0.99401952,24.0,0.4,4,ASKAP
G289.2-0.8,163.96666666666664,-60.5925,289.20635618262367,-0.838016167,39.0,8.0,4,ASKAP
G296.6-0.4,178.96249999999998,-62.57416667,296.5804057,-0.389912974,14.0,0.81,4,ASKAP
G299.7-0.0,185.7625,-62.70972222,299.6845455520997,-0.017101951,25.0,3.0,4,ASKAP
G308.7+1.4,204.86666666666665,-60.94027778,308.7330831376133,1.3893501824720416,22.0,0.37,4,ASKAP
G310.9-0.3,209.97916666666663,-62.06305556,310.8590205548078,-0.249855406,17.0,2.6,4,ASKAP
G317.6+0.9,221.8458333333333,-58.61444444,317.5521358081656,0.926813084,34.0,2.0,4,ASKAP
G320.8-0.3,228.4,-58.21583333,320.7609381625198,-0.352889765,10.0,0.36,4,ASKAP
G322.7-0.6,231.7208333333333,-57.37555556,322.7045974831041,-0.597061701,42.0,Null,4,ASKAP
G278.8-1.2,147.05,-55.21138889,278.77823605249824,-1.176600673,64.0,Null,4,ASKAP
G280.4-0.9,149.59166666666664,-55.97805556,280.3788689803129,-0.878852747,66.0,Null,4,ASKAP
G283.9-1.4,154.3208333333333,-58.46111111,283.90593440806106,-1.403564922,78.0,Null,4,ASKAP
G288.9-1.4,162.86249999999998,-60.93583333,288.8716237203438,-1.382702216,48.0,Null,4,ASKAP
G289.4-2.5,162.77499999999998,-62.16861111,289.3841967,-2.504779436,28.0,1.1,4,ASKAP
G297.0-1.0,179.59999999999997,-63.20833333,296.9970303343463,-0.949370901,55.0,Null,4,ASKAP
G298.5+2.1,183.9125,-60.49722222,298.53655783018485,2.0687484253266524,50.0,Null,4,ASKAP
G304.2-0.5,195.7875,-63.34166667,304.24523181772304,-0.499788554,12.0,0.49,4,ASKAP
G304.4-0.2,196.175,-63.05833333,304.4334776101384,-0.225257596,15.0,0.31,4,ASKAP
G306.2-0.8,200.2625,-63.51361111,306.2265467004776,-0.831447627,32.0,Null,4,ASKAP
G307.9+0.1,203.7,-62.32027778,307.9440703641795,0.1287455597776564,30.0,Null,4,ASKAP
G310.5-0.6,209.35416666666663,-62.49027778,310.4681088296168,-0.587859335,26.0,Null,4,ASKAP
G311.3+1.1,210.0583333333333,-60.62583333,311.2730680787379,1.1269637818194145,10.0,Null,4,ASKAP
G312.7+2.9,211.72916666666663,-58.57277778,312.6526438704515,2.8671883433540626,10.0,0.15,4,ASKAP
G316.3-0.4,220.77916666666664,-60.29444444,316.34880461722634,-0.364759253,21.0,5.0,4,ASKAP
G318.1-0.4,223.8958333333333,-59.56305556,318.07288306432537,-0.391294957,8.0,1.3,4,ASKAP
G319.3-0.7,226.3,-59.2025,319.3216730405624,-0.655313185,34.0,Null,4,ASKAP
G275.986-01.077,143.55791812990014,-53.30201951,275.98599999999993,-1.077,9.6,0.08,5,ASKAP
G277.162+00.396,146.65039940218412,-52.96859509,277.162,0.3959999999999452,9.6,0.03,5,ASKAP
G282.674-00.737,153.11036118755467,-57.21756123,282.674,-0.737,20.8,Null,5,ASKAP
G283.234-00.945,153.75048349242468,-57.70568125,283.234,-0.945,12.8,Null,5,ASKAP
G283.629-00.943,154.36800637207887,-57.92430388,283.629,-0.943,20.4,Null,5,ASKAP
G288.824-00.155,163.8643270717676,-59.81140552,288.824,-0.155,5.4,0.34,5,ASKAP
G288.863-00.046,164.0274124964132,-59.72979448,288.863,-0.046,41.2,Null,5,ASKAP
G290.003-01.510,164.86881195933785,-61.53879734,290.003,-1.51,8.6,Null,5,ASKAP
G292.472+00.167,170.93249515504576,-60.91100156,292.472,0.167,1.8,0.007,5,ASKAP
G295.855-01.388,176.90492476939147,-63.37948702,295.855,-1.388,1.8,0.0081,5,ASKAP
G302.324-01.300,191.4646925,-64.16516189,302.324,-1.3,12.0,Null,5,ASKAP
G303.365-00.050,193.81078811365325,-62.91854779,303.365,-0.05,42.6,Null,5,ASKAP
G304.071+01.227,195.2561958506972,-61.62354264,304.071,1.2269999999999428,7.0,0.037,5,ASKAP
G306.195-00.520,200.11373776638007,-63.20775852,306.19499999999994,-0.52,3.8,Null,5,ASKAP
G310.275-00.171,208.7290357279836,-62.13433816,310.275,-0.171,10.4,Null,5,ASKAP
G310.702-00.573,209.83475685115928,-62.41597544,310.70199999999994,-0.573,2.4,0.033,5,ASKAP
G315.501-00.584,219.3850255225736,-60.83988182,315.501,-0.584,3.2,0.014,5,ASKAP
G315.715-00.227,219.49538580339268,-60.427191,315.7149999999999,-0.227,1.8,0.017,5,ASKAP
G315.905-00.817,220.33738371420048,-60.88976788,315.9049999999999,-0.817,26.4,Null,5,ASKAP
G316.456-00.095,220.74921726683425,-60.00455052,316.456,-0.095,2.8,0.25,5,ASKAP
G316.587-00.097,220.98874875808352,-59.95161535,316.587,-0.097,9.8,Null,5,ASKAP
G318.033-00.935,224.3247763313467,-60.06374583,318.033,-0.935,3.0,0.075,5,ASKAP
G318.602-00.884,225.2778764391157,-59.75083072,318.602,-0.884,18.4,Null,5,ASKAP
G320.944-01.289,229.6414327,-58.91633724,320.944,-1.289,14.8,Null,5,ASKAP
G284.0-1.8,154.0875,-58.95277778,284.0787196008192,-1.879583752,6.0,0.21,6,ASKAP
G284.2-0.4,155.81666666666666,-57.76666667,284.18946683971046,-0.390586461,2.0,Null,6,ASKAP
G304.1-0.2,195.44166666666663,-63.08888889,304.1003393197837,-0.240576003,4.0,0.04,6,ASKAP
G317.9-1.8,224.87916666666663,-60.88611111,317.8891815399328,-1.789541265,34.0,1.0,6,ASKAP
G283.8-4.0,151.275,-60.54027778,283.83172561868224,-3.992798591,54.0,Null,6,ASKAP
G304.6-3.0,197.02916666666664,-65.82027778,304.64092468773595,-3.003889865,16.0,Null,6,ASKAP
G310.6+0.8,208.87916666666663,-61.07527778,310.6031709567924,0.8384626008790567,27.0,1.0,6,ASKAP
G282.1-4.1,148.525,-59.65333333,282.20011340709254,-4.122274105,71.0,Null,7,ASKAP
G283.1-0.6,153.9083333333333,-57.33527778,283.09657409942696,-0.590738498,3.0,0.08,7,ASKAP
G285.0-3.2,154.2,-60.54416667,285.01343211765044,-3.169457207,38.0,1.0,7,ASKAP
G289.6+5.8,169.59166666666664,-54.6175,289.63922146020474,5.834380634655087,38.0,1.4,7,ASKAP
G295.6+0.5,177.28749999999997,-61.49027778,295.56995581288953,0.4879483732893697,11.0,0.23,7,ASKAP
G300.1-1.6,186.29166666666663,-64.34388889,300.09219897140724,-1.617089146,48.0,3.2,7,ASKAP
G291.2-0.6,168.0083333333333,-61.15972222,291.23518372907137,-0.565878516,14.0,Null,7,ASKAP
G298.0-0.2,182.07916666666665,-62.67722222,298.0067770505576,-0.218549567,10.0,Null,7,ASKAP
G305.4-2.2,198.7583333333333,-64.9625,305.42661480588697,-2.205105014,22.0,0.31,7,ASKAP
G311.1+1.4,209.65,-60.35416667,311.14951586043253,1.4416059570473765,18.0,Null,7,ASKAP
G317.4-1.1,223.3125,-60.52694444,317.3748708802899,-1.117083625,6.0,0.19,7,ASKAP
G320.9-0.7,229.0,-58.46277778,320.9010385,-0.727770891,16.0,Null,7,ASKAP
G276.1+3.2,148.24166666666667,-50.12444444,276.1227182909688,3.222383933724711,113.0,Null,7,ASKAP
G280.7+3.2,154.11666666666665,-52.81416667,280.66941068223014,3.2261704131003155,110.0,Null,7,ASKAP
G281.1-2.8,148.5,-57.935,281.1170405865676,-2.786570963,94.0,Null,7,ASKAP
G282.3-1.9,151.30833333333334,-57.96916667,282.32300749532885,-1.90930213,28.0,5.0,7,ASKAP
G283.9+0.5,156.29999999999998,-56.825,283.9083554235145,0.5453080236595528,16.0,Null,7,ASKAP
G284.2-0.9,155.44166666666663,-58.17972222,284.24432517080004,-0.845726999,24.0,Null,7,ASKAP
G285.5-0.1,158.24166666666665,-58.16111111,285.49287031098504,-0.057091339,37.0,7.0,7,ASKAP
G287.1-2.4,158.73749999999998,-60.96055556,287.1173955,-2.35106287,38.0,Null,7,ASKAP
G288.0+1.1,163.44166666666663,-58.275,287.9608568820062,1.1345167899131066,5.0,0.05,7,ASKAP
G290.1+0.5,166.66666666666663,-59.70194444,290.0647541459048,0.5265223622225672,56.0,Null,7,ASKAP
G290.6-1.5,166.04999999999998,-61.77555556,290.61173850783433,-1.496216758,38.0,10.0,7,ASKAP
G291.1-0.4,167.9208333333333,-60.97694444,291.12745415430976,-0.412272916,12.0,2.5,7,ASKAP
G291.3+4.5,171.55416666666665,-56.39138889,291.2927817884017,4.542325925755033,36.0,0.8,7,ASKAP
G294.5-0.6,174.48749999999998,-62.23388889,294.4880552,-0.572978644,16.0,Null,7,ASKAP
G295.2-0.5,176.04166666666663,-62.35527778,295.2166563564928,-0.495487424,9.0,0.8,7,ASKAP
G296.4-2.8,177.34166666666664,-64.87444444,296.40139929491465,-2.792653609,91.0,Null,7,ASKAP
G298.0+0.3,182.2125,-62.2075,297.9898967074571,0.2549046087972061,44.0,Null,7,ASKAP
G298.2-1.9,181.8125,-64.33138889,298.16833179258657,-1.869100518,75.0,Null,7,ASKAP
G299.2+0.3,184.7,-62.36055556,299.15670228120325,0.2717156656928357,30.0,Null,7,ASKAP
G300.0-1.6,185.3333333333333,-64.26527778,299.67041729835154,-1.584337004,40.0,Null,7,ASKAP
G301.8-2.1,190.1083333333333,-64.92722222,301.76567389183526,-2.080396883,90.0,3.0,7,ASKAP
G306.4+2.6,199.84166666666664,-60.10055556,306.40945838949443,2.582480381376182,100.0,Null,7,ASKAP
G308.5+0.4,204.85416666666663,-61.91583333,308.54662792108434,0.4317550625535675,44.0,3.0,7,ASKAP
G309.9-0.4,208.0458333333333,-62.49027778,309.8818816909292,-0.441048523,29.0,Null,7,ASKAP
G310.3+0.5,208.4458333333333,-61.46361111,310.3069358389868,0.5122009436410211,46.0,Null,7,ASKAP
G311.5-0.1,211.20416666666665,-61.73972222,311.50201714608954,-0.095031327,12.0,Null,7,ASKAP
G311.9+0.9,211.37916666666663,-60.65777778,311.8874029547724,0.919463144,16.0,1.0,7,ASKAP
G319.4+0.2,225.7083333333333,-58.45,319.4202904941008,0.1511097302980844,8.0,Null,7,ASKAP
G320.0-1.7,228.4708333333333,-59.79777778,319.97273988829795,-1.72506151,52.0,Null,7,ASKAP
G320.6-0.8,228.51666666666665,-58.68333333,320.5709328,-0.784380567,17.0,Null,7,ASKAP
G320.9-0.3,228.45416666666665,-58.07944444,320.85600236265725,-0.250997138,29.0,Null,7,ASKAP
G266.2-1.2,132.9596,-46.2576,266.183,-1.193,103.0,Null,1,MeerKAT
G279.0+1.1,149.3792,-53.8117,278.958,0.761,134.4,Null,1,MeerKAT
G284.3-1.8,154.4684,-59.0194,284.279,-1.826,34.6,Null,1,MeerKAT
G286.5-1.2,158.4291,-59.4303,286.217,-1.104,46.4,Null,1,MeerKAT
G289.7-0.3,165.3508,-60.3104,289.707,-0.295,19.0,Null,1,MeerKAT
G290.1-0.8,165.703,-60.8907,290.102,-0.754,19.2,Null,1,MeerKAT
G291.0-0.1,167.9821,-60.6511,291.033,-0.099,15.0,Null,1,MeerKAT
G293.8+0.6,173.7438,-60.8957,293.766,0.608,23.6,Null,1,MeerKAT
G294.1-0.0,174.0653,-61.6256,294.125,-0.046,43.4,Null,1,MeerKAT
G296.1-0.5,177.5076,-62.5809,295.929,-0.547,66.2,Null,1,MeerKAT
G296.7-0.9,178.8851,-63.1112,296.661,-0.922,15.2,Null,1,MeerKAT
G296.8-0.3,179.6276,-62.5987,296.885,-0.35,20.6,Null,1,MeerKAT
G298.6-0.0,183.3493,-62.6124,298.573,-0.063,12.4,Null,1,MeerKAT
G299.6-0.5,185.4493,-63.1554,299.593,-0.476,16.0,Null,1,MeerKAT
G302.3+0.7,191.4684,-62.1477,302.282,0.717,19.4,Null,1,MeerKAT
G304.6+0.1,196.4655,-62.6994,304.585,0.126,9.2,Null,1,MeerKAT
G306.3-0.9,200.4616,-63.5622,306.309,-0.89,4.4,Null,1,MeerKAT
G308.1-0.7,204.3835,-63.0783,308.122,-0.672,18.4,Null,1,MeerKAT
G308.8-0.1,205.773,-62.4747,308.86,-0.199,17.6,Null,1,MeerKAT
G309.2-0.6,206.6621,-62.8989,309.172,-0.698,16.6,Null,1,MeerKAT
G309.8+0.0,207.6096,-62.0788,309.779,0.006,27.2,Null,1,MeerKAT
G310.6-0.3,209.4998,-62.1574,310.618,-0.283,9.4,Null,1,MeerKAT
G312.4-0.4,213.3269,-61.7721,312.452,-0.423,35.2,Null,1,MeerKAT
G315.4-0.3,219.0577,-60.5485,315.469,-0.253,24.8,Null,1,MeerKAT
G317.3-0.2,222.4023,-59.7927,317.296,-0.258,13.6,Null,1,MeerKAT
G318.2+0.1,223.533,-59.0374,318.148,0.161,56.6,Null,1,MeerKAT
G318.9+0.4,224.5921,-58.4702,318.897,0.411,32.0,Null,1,MeerKAT
G320.4-1.2,228.6548,-59.1639,320.382,-1.232,36.0,Null,1,MeerKAT
G321.9-0.3,230.1993,-57.572,321.913,-0.312,31.8,Null,1,MeerKAT
G321.9-1.1,231.0003,-58.1981,321.929,-1.069,32.0,Null,1,MeerKAT
G322.5-0.1,230.8543,-57.0915,322.471,-0.101,16.0,Null,1,MeerKAT
G323.5+0.1,232.2094,-56.386,323.481,0.072,13.8,Null,1,MeerKAT
G323.7-1.0,233.6377,-57.3115,323.591,-1.134,30.6,Null,1,MeerKAT
G326.3-1.8,238.2138,-56.1192,326.31,-1.714,37.0,Null,1,MeerKAT
G327.1-1.1,238.6274,-55.0991,327.139,-1.075,21.0,Null,1,MeerKAT
G327.2-0.1,237.7254,-54.3033,327.239,-0.129,5.8,Null,1,MeerKAT
G327.4+0.4,237.0846,-53.7732,327.276,0.52,22.8,Null,1,MeerKAT
G327.4+1.0,236.7267,-53.3272,327.385,1.002,14.8,Null,1,MeerKAT
G328.4+0.2,238.8808,-53.2857,328.412,0.225,6.6,Null,1,MeerKAT
G329.7+0.4,240.3707,-52.3228,329.722,0.374,40.4,Null,1,MeerKAT
G330.2+1.0,240.2595,-51.5836,330.155,0.977,11.0,Null,1,MeerKAT
G332.0+0.2,243.2953,-50.9495,331.989,0.173,11.8,Null,1,MeerKAT
G332.4-0.4,244.3933,-51.0438,332.423,-0.373,11.0,Null,1,MeerKAT
G335.2+0.1,246.885,-48.7481,335.182,0.109,22.0,Null,1,MeerKAT
G337.0-0.1,248.9901,-47.598,336.981,-0.129,1.6,Null,1,MeerKAT
G337.2+0.1,248.9804,-47.3173,337.184,0.065,3.0,Null,1,MeerKAT
G337.2-0.7,249.8748,-47.8263,337.21,-0.724,6.2,Null,1,MeerKAT
G338.1+0.4,249.4674,-46.4152,338.076,0.424,15.2,Null,1,MeerKAT
G338.3-0.0,250.2171,-46.5395,338.327,-0.044,8.4,Null,1,MeerKAT
G341.2+0.9,251.8688,-43.8583,341.116,0.83,29.8,Null,1,MeerKAT
G341.9-0.3,253.7305,-44.0205,341.846,-0.306,8.4,Null,1,MeerKAT
G342.1+0.9,252.6847,-43.0618,342.107,0.888,11.0,Null,1,MeerKAT
G343.1-0.7,255.1765,-43.2859,343.072,-0.668,24.0,Null,1,MeerKAT
G344.7-0.1,255.993,-41.7163,344.682,-0.184,10.2,Null,1,MeerKAT
G345.1-0.2,256.3232,-41.4255,345.063,-0.204,7.0,Null,1,MeerKAT
G345.1+0.2,255.9238,-41.0805,345.155,0.244,13.2,Null,1,MeerKAT
G345.7-0.2,256.8411,-40.8791,345.734,-0.186,6.4,Null,1,MeerKAT
G346.6-0.2,257.5638,-40.1947,346.611,-0.218,9.8,Null,1,MeerKAT
G347.3-0.5,258.5255,-39.8026,347.362,-0.582,57.6,Null,1,MeerKAT
G348.5+0.1,258.6415,-38.5214,348.454,0.094,9.4,Null,1,MeerKAT
G348.5-0.0,258.8115,-38.5025,348.547,-0.003,10.2,Null,1,MeerKAT
G348.8+1.1,257.8837,-37.5867,348.86,1.126,13.0,Null,1,MeerKAT
G349.7+0.2,259.4989,-37.4386,349.728,0.172,2.8,Null,1,MeerKAT
G350.1-0.3,260.2552,-37.4475,350.065,-0.325,5.4,Null,1,MeerKAT
G351.2+0.1,260.6035,-36.1839,351.263,0.164,9.6,Null,1,MeerKAT
G351.9-0.9,262.217,-36.2638,351.926,-0.959,13.8,Null,1,MeerKAT
G352.7-0.1,261.9211,-35.1206,352.744,-0.125,8.2,Null,1,MeerKAT
G353.3-1.1,263.5493,-35.0747,353.514,-1.213,43.0,Null,1,MeerKAT
G353.6-0.7,263.0119,-34.7563,353.541,-0.67,33.4,Null,1,MeerKAT
G354.1+0.1,262.6947,-33.8372,354.166,0.053,9.0,Null,1,MeerKAT
G354.8-0.8,263.9762,-33.6965,354.864,-0.764,20.6,Null,1,MeerKAT
G355.4+0.7,262.8944,-32.5366,355.345,0.627,48.0,Null,1,MeerKAT
G356.3-1.5,265.6854,-32.8732,356.322,-1.535,20.2,Null,1,MeerKAT
G357.7+0.3,264.6932,-30.7145,357.706,0.324,27.6,Null,1,MeerKAT
G357.7-0.1,265.128,-30.9397,357.714,-0.112,19.4,Null,1,MeerKAT
G358.1+1.0,264.237,-29.9759,358.119,1.052,24.2,Null,1,MeerKAT
G1.4-0.1,267.4004,-27.7737,1.448,-0.148,11.2,Null,1,MeerKAT
G1.9+0.3,267.1907,-27.1686,1.871,0.323,1.8,Null,1,MeerKAT
G3.1-0.6,268.8493,-26.6618,3.061,-0.691,56.0,Null,1,MeerKAT
G3.7-0.2,268.8649,-25.8386,3.779,-0.288,14.0,Null,1,MeerKAT
G3.8+0.3,268.259,-25.424,3.86,0.393,21.8,Null,1,MeerKAT
G5.4-1.2,270.6433,-24.9182,5.378,-1.222,37.2,Null,1,MeerKAT
G5.5+0.3,269.5156,-23.998,5.667,0.126,41.4,Null,1,MeerKAT
G6.1+0.5,269.375,-23.4754,6.055,0.499,12.2,Null,1,MeerKAT
G6.1+1.2,268.8727,-23.0593,6.183,1.107,16.0,Null,1,MeerKAT
G6.4-0.1,270.1765,-23.4022,6.485,-0.102,38.0,Null,1,MeerKAT
G6.5-0.4,270.5568,-23.5595,6.521,-0.483,21.2,Null,1,MeerKAT
G7.0-0.1,270.4942,-22.8896,7.075,-0.102,18.2,Null,1,MeerKAT
G8.9+0.4,270.8567,-21.1226,8.778,0.477,37.8,Null,1,MeerKAT
G8.7-0.1,271.4722,-21.388,8.828,-0.153,37.8,Null,1,MeerKAT
G9.8+0.6,271.2953,-20.2026,9.781,0.571,15.0,Null,1,MeerKAT
G9.9-0.8,272.6949,-20.7107,9.974,-0.822,12.4,Null,1,MeerKAT
G11.1-0.7,273.2431,-19.6746,11.13,-0.775,16.8,Null,1,MeerKAT
G11.2-0.3,272.8712,-19.4256,11.18,-0.348,5.6,Null,1,MeerKAT
G11.4-0.1,272.7195,-19.1152,11.383,-0.073,9.6,Null,1,MeerKAT
G12.2+0.3,272.817,-18.1629,12.262,0.305,6.8,Null,1,MeerKAT
G12.7-0.0,273.333,-17.9186,12.712,-0.008,6.4,Null,1,MeerKAT
G13.1-0.5,274.0485,-17.8721,13.078,-0.584,25.6,Null,1,MeerKAT
G13.5+0.2,273.5702,-17.1967,13.454,0.139,5.2,Null,1,MeerKAT
G22.1-0.1,274.144,-16.6356,14.209,-0.076,22.6,Null,1,MeerKAT
G15.5-0.1,274.8498,-15.5277,15.506,-0.148,10.8,Null,1,MeerKAT
G16.0-0.5,275.4199,-15.2013,16.053,-0.479,23.4,Null,1,MeerKAT
G16.7+0.1,275.24,-14.3355,16.735,0.082,5.2,Null,1,MeerKAT
G17.0-0.0,275.4829,-14.1426,17.016,-0.035,5.0,Null,1,MeerKAT
G17.4-0.1,275.78,-13.775,17.476,-0.117,10.0,Null,1,MeerKAT
G18.1-0.1,276.1528,-13.2043,18.15,-0.17,9.2,Null,1,MeerKAT
G18.6-0.2,276.478,-12.8401,18.62,-0.28,6.8,Null,1,MeerKAT
G18.8+0.3,275.9429,-12.3943,18.77,0.39,20.6,Null,1,MeerKAT
G18.9-1.1,277.3592,-12.9187,18.95,-1.077,38.0,Null,1,MeerKAT
G19.1+0.2,276.2854,-12.0397,19.24,0.26,40.4,Null,1,MeerKAT
G20.0-0.2,277.0492,-11.5858,19.99,-0.19,14.6,Null,1,MeerKAT
G21.0-0.4,277.7937,-10.7942,21.03,-0.47,11.2,Null,1,MeerKAT
G21.6-0.8,278.4052,-10.4195,21.64,-0.83,16.2,Null,1,MeerKAT
G21.8-0.6,278.2147,-10.1079,21.83,-0.52,31.0,Null,1,MeerKAT
G22.7-0.2,278.3386,-9.1796,22.71,-0.2,27.8,Null,1,MeerKAT
G23.3-0.3,278.7167,-8.7425,23.27,-0.33,33.6,Null,1,MeerKAT
G24.7+0.6,278.4519,-7.1642,24.55,0.63,30.4,Null,1,MeerKAT
G24.7-0.6,279.7506,-7.4819,24.86,-0.66,26.2,Null,1,MeerKAT
G27.4+0.0,280.3351,-4.9352,27.39,-0.01,6.2,Null,1,MeerKAT
G27.8+0.6,279.9067,-4.3666,27.7,0.63,46.8,Null,1,MeerKAT
G28.3+0.2,280.5872,-3.968,28.365,0.209,13.0,Null,1,MeerKAT
G28.7-0.4,281.3551,-3.8905,28.784,-0.437,12.0,Null,1,MeerKAT
G29.6+0.1,281.2244,-2.9468,29.564,0.11,6.2,Null,1,MeerKAT
G29.7-0.3,281.6003,-2.9753,29.71,-0.237,4.8,Null,1,MeerKAT
G30.7+1.0,280.9423,-1.5252,30.7,1.01,23.4,Null,1,MeerKAT
G31.5-0.6,282.8141,-1.5362,31.544,-0.66,21.4,Null,1,MeerKAT
G31.9+0.0,282.3601,-0.9373,31.87,0.017,8.2,Null,1,MeerKAT
G32.1-0.9,283.3483,-1.1514,32.13,-0.96,43.0,Null,1,MeerKAT
G32.4+0.1,282.5281,-0.4054,32.42,0.11,8.8,Null,1,MeerKAT
G32.8-0.1,282.8304,-0.1445,32.79,-0.04,23.0,Null,1,MeerKAT
G33.2-0.6,283.4799,-0.0391,33.18,-0.57,18.4,Null,1,MeerKAT
G33.6+0.1,283.1693,0.6706,33.67,0.03,13.4,Null,1,MeerKAT
G34.7-0.4,284.0037,1.3554,34.66,-0.4,38.4,Null,1,MeerKAT
G35.6-0.4,284.464,2.1646,35.59,-0.44,17.2,Null,1,MeerKAT
G36.6-0.7,285.2584,2.8822,36.591,-0.818,13.0,Null,1,MeerKAT
G38.7-1.3,286.5491,4.6537,38.756,-1.151,50.2,Null,1,MeerKAT
G39.2-0.3,286.0216,5.4473,39.22,-0.32,9.0,Null,1,MeerKAT
G40.5-0.5,286.7916,6.5148,40.52,-0.51,25.0,Null,1,MeerKAT
G41.1-0.3,286.8944,7.1377,41.12,-0.314,5.4,Null,1,MeerKAT
G41.5+0.4,286.399,7.7636,41.45,0.41,17.0,Null,1,MeerKAT
G42.0-0.1,287.0481,8.0049,41.96,-0.05,11.8,Null,1,MeerKAT
G42.8+0.6,286.7838,9.0562,42.773,0.666,26.8,Null,1,MeerKAT
G43.3-0.2,287.7792,9.1088,43.273,-0.182,6.2,Null,1,MeerKAT
G45.7-0.4,289.0681,11.0824,45.61,-0.39,28.0,Null,1,MeerKAT
G46.8-0.3,289.5201,12.1569,46.767,-0.28,20.0,Null,1,MeerKAT
G49.2-0.7,290.9048,14.1784,49.185,-0.52,38.4,Null,1,MeerKAT
G54.1+0.3,292.6309,18.871,54.099,0.261,14.2,Null,1,MeerKAT
G54.4-0.3,293.327,18.9664,54.5,-0.27,50.0,Null,1,MeerKAT
G55.0+0.3,293.3794,19.4361,54.935,-0.086,75.8,Null,1,MeerKAT
G57.2+0.8,293.7272,21.8912,57.24,0.82,13.4,Null,1,MeerKAT
G59.5+0.1,295.6492,23.5895,59.59,0.11,18.0,Null,1,MeerKAT
G267.0-1.0,133.9004,-46.7376,266.967,-1.005,1.0,Null,2,MeerKAT
G269.7+0.0,137.6657,-48.0451,269.638,0.03,43.0,Null,2,MeerKAT
G299.3-1.5,184.493,-64.1561,299.294,-1.521,37.0,Null,2,MeerKAT
G313.3+0.1,214.6276,-60.9837,313.295,0.124,4.6,Null,2,MeerKAT
G313.6+0.3,215.0735,-60.7011,313.594,0.318,14.8,Null,2,MeerKAT
G319.9-0.7,227.296,-58.9308,319.901,-0.674,10.2,Null,2,MeerKAT
G322.7+0.1,231.0007,-56.825,322.684,0.078,14.6,Null,2,MeerKAT
G322.9-0.0,231.389,-56.7802,322.886,-0.002,14.0,Null,2,MeerKAT
G324.1+0.0,233.1757,-56.0448,324.117,0.046,10.2,Null,2,MeerKAT
G325.0-0.3,234.808,-55.8299,324.984,-0.315,4.2,Null,2,MeerKAT
G330.7+0.1,241.8615,-51.8543,330.718,0.116,14.8,Null,2,MeerKAT
G333.9+0.0,245.6404,-49.799,333.863,-0.046,12.0,Null,2,MeerKAT
G334.0-0.8,246.5686,-50.3399,333.895,-0.85,20.2,Null,2,MeerKAT
G336.4+0.2,248.0409,-47.8182,336.386,0.191,1.0,Null,2,MeerKAT
G336.7-0.3,248.8538,-47.9518,336.658,-0.3,5.4,Null,2,MeerKAT
G336.9-0.5,249.319,-47.9809,336.846,-0.55,17.0,Null,2,MeerKAT
G337.5-0.1,249.5127,-47.1805,337.528,-0.111,7.8,Null,2,MeerKAT
G346.2-1.0,258.0492,-40.9872,346.19,-0.984,8.0,Null,2,MeerKAT
G348.9-0.4,259.5876,-38.4276,348.96,-0.455,41.0,Null,2,MeerKAT
G350.2-0.8,260.9022,-37.6139,350.219,-0.842,1.2,Null,2,MeerKAT
G354.1+0.3,262.3921,-33.8043,354.055,0.281,12.8,Null,2,MeerKAT
G5.7-0.1,269.7361,-24.0771,5.699,-0.088,14.2,Null,2,MeerKAT
G18.0-0.7,276.5549,-13.5793,18.001,-0.691,0.6,Null,2,MeerKAT
G20.4+0.1,276.9651,-11.0116,20.46,0.15,10.8,Null,2,MeerKAT
G29.4+0.1,281.1432,-3.1244,29.369,0.101,10.6,Null,2,MeerKAT
G36.0+0.1,284.2124,2.7634,36.008,0.057,0.4,Null,2,MeerKAT
G323.2-1.0,232.9127,-57.3957,323.223,-0.977,8.4,Null,3,MeerKAT
G323.7+0.0,232.6578,-56.3255,323.72,-0.019,4.0,Null,3,MeerKAT
G324.1-0.2,233.3865,-56.2422,324.099,-0.183,11.2,Null,3,MeerKAT
G324.3+0.2,233.1882,-55.7977,324.265,0.244,4.6,Null,3,MeerKAT
G324.4-0.4,233.9852,-56.2329,324.375,-0.369,16.0,Null,3,MeerKAT
G324.7+0.0,234.0255,-55.7774,324.66,-0.013,4.4,Null,3,MeerKAT
G324.8-0.1,234.3034,-55.7715,324.79,-0.1,23.8,Null,3,MeerKAT
G325.0-0.5,234.9243,-55.9832,324.945,-0.477,32.6,Null,3,MeerKAT
G325.0+0.2,234.2596,-55.4505,324.959,0.174,5.0,Null,3,MeerKAT
G328.0+0.7,237.9147,-53.1761,328.035,0.677,9.2,Null,3,MeerKAT
SCO J170029-421309,255.0981,-42.223,343.874,0.032,4.4,Null,3,MeerKAT
SCO J165948-420527,254.9754,-42.0958,343.918,0.182,6.8,Null,3,MeerKAT
G346.5-0.1,257.3431,-40.1906,346.514,-0.08,12.6,Null,3,MeerKAT
G349.1-0.3,260.0802,-38.5219,349.104,-0.825,12.0,Null,3,MeerKAT
G351.0-0.6,261.2544,-36.8201,351.033,-0.627,12.0,Null,3,MeerKAT
G351.4+0.4,260.3803,-35.882,351.409,0.484,8.8,Null,3,MeerKAT
G351.4+0.2,260.7068,-35.9901,351.47,0.205,15.2,Null,3,MeerKAT
G351.9+0.1,261.0767,-35.6525,351.918,0.148,16.6,Null,3,MeerKAT
G001.949-0.100,267.6439,-27.3191,1.949,-0.1,16.6,Null,3,MeerKAT
G001.975-0.460,268.0074,-27.4807,1.975,-0.46,9.8,Null,3,MeerKAT
G002.228+0.058,267.652,-26.9985,2.228,0.058,2.2,Null,3,MeerKAT
G002.276+0.399,267.3515,-26.7823,2.276,0.399,12.6,Null,3,MeerKAT
G002.910-0.183,268.2739,-26.5349,2.91,-0.183,25.8,Null,3,MeerKAT
G003.101-0.093,268.2957,-26.3247,3.101,-0.093,5.0,Null,3,MeerKAT
G003.103+0.110,268.1019,-26.2197,3.103,0.11,2.8,Null,3,MeerKAT
G4.20-0.30,269.0609,-25.482,4.176,-0.261,8.0,Null,3,MeerKAT
G004.493-0.391,269.3614,-25.2731,4.493,-0.391,13.8,Null,3,MeerKAT
G004.571-0.244,269.2641,-25.1319,4.571,-0.244,8.4,Null,3,MeerKAT
G005.161-0.321,269.6631,-24.6596,5.161,-0.321,11.2,Null,3,MeerKAT
G005.364-0.705,270.1407,-24.6747,5.364,-0.705,20.0,Null,3,MeerKAT
G005.378-0.280,269.743,-24.4511,5.378,-0.28,4.4,Null,3,MeerKAT
G005.378+0.347,269.1475,-24.1373,5.378,0.347,12.4,Null,3,MeerKAT
G005.762+0.515,269.1995,-23.7209,5.762,0.515,11.6,Null,3,MeerKAT
G006.118+0.387,269.5151,-23.4769,6.118,0.387,19.4,Null,3,MeerKAT
G6.31+0.54,269.5184,-23.3297,6.247,0.458,21.0,Null,3,MeerKAT
G7.4+0.3,270.2752,-22.3695,7.427,0.331,13.6,Null,3,MeerKAT
G008.040+0.566,270.3877,-21.7119,8.05,0.566,10.0,Null,3,MeerKAT
G11.5500+0.3333,272.4233,-18.7701,11.55,0.339,6.8,Null,3,MeerKAT
G013.500+0.074,273.6529,-17.1874,13.5,0.074,3.8,Null,3,MeerKAT
G013.652+0.259,273.5589,-16.9655,13.652,0.259,5.0,Null,3,MeerKAT
G014.524+0.140,274.102,-16.2558,14.524,0.14,29.0,Null,3,MeerKAT
G015.862+0.522,274.4128,-14.8969,15.862,0.522,3.8,Null,3,MeerKAT
G016.021+0.746,274.2869,-14.6507,16.021,0.746,12.6,Null,3,MeerKAT
G016.956-0.933,276.2728,-14.6164,16.956,-0.933,14.8,Null,3,MeerKAT
G017.434+0.273,275.4053,-13.6289,17.434,0.273,4.2,Null,3,MeerKAT
G017.593+0.237,275.5149,-13.5055,17.593,0.237,3.0,Null,3,MeerKAT
G017.620+0.086,275.6651,-13.5526,17.62,0.086,6.0,Null,3,MeerKAT
G17.80-0.02,275.8512,-13.4336,17.81,-0.018,8.6,Null,3,MeerKAT
G018.393-0.816,276.8563,-13.2907,18.393,-0.816,5.2,Null,3,MeerKAT
G18.76-0.07,276.3587,-12.6193,18.761,-0.074,2.4,Null,3,MeerKAT
G019.481-0.108,276.7331,-11.9982,19.481,-0.108,14.8,Null,3,MeerKAT
G19.75-0.69,277.3896,-12.0359,19.746,-0.694,24.4,Null,3,MeerKAT
G019.751+0.202,276.5815,-11.6149,19.751,0.202,15.8,Null,3,MeerKAT
G19.96-0.33,277.1616,-11.6774,19.96,-0.33,11.8,Null,3,MeerKAT
G020.195+0.028,276.9496,-11.303,20.195,0.028,7.2,Null,3,MeerKAT
G20.26-0.86,277.7935,-11.6333,20.286,-0.858,17.2,Null,3,MeerKAT
G021.596-0.179,277.7977,-10.1578,21.596,-0.179,20.8,Null,3,MeerKAT
G021.684+0.129,277.5618,-9.9372,21.684,0.129,7.6,Null,3,MeerKAT
G021.861+0.169,277.609,-9.7618,21.861,0.169,5.4,Null,3,MeerKAT
G022.045-0.028,277.8726,-9.6899,22.045,-0.028,15.4,Null,3,MeerKAT
G22.32+0.11,277.9039,-9.4579,22.265,0.052,20.2,Null,3,MeerKAT
G23.11+0.19,278.1817,-8.6412,23.116,0.186,23.4,Null,3,MeerKAT
G23.85-0.18,278.8561,-8.1551,23.855,-0.182,4.4,Null,3,MeerKAT
G023.973+0.510,278.2909,-7.7315,23.973,0.51,9.8,Null,3,MeerKAT
G024.062-0.808,279.514,-8.2588,24.062,-0.808,4.0,Null,3,MeerKAT
G25.49+0.01,279.4392,-6.6223,25.482,0.009,13.0,Null,3,MeerKAT
G26.04-0.42,280.0235,-6.3716,25.971,-0.392,22.8,Null,3,MeerKAT
G26.53+0.07,279.8681,-5.6631,26.53,0.07,22.4,Null,3,MeerKAT
G26.75+0.73,279.4148,-5.1792,26.753,0.693,14.4,Null,3,MeerKAT
G27.06+0.04,280.0986,-5.2245,27.025,0.067,18.0,Null,3,MeerKAT
G27.18+0.30,279.9588,-4.9795,27.179,0.303,2.6,Null,3,MeerKAT
G27.24-0.14,280.3822,-5.1281,27.24,-0.14,12.2,Null,3,MeerKAT
G27.47+0.25,280.1438,-4.7572,27.461,0.241,3.4,Null,3,MeerKAT
G27.78-0.33,280.7934,-4.736,27.776,-0.325,6.6,Null,3,MeerKAT
G28.22-0.09,280.7828,-4.2359,28.216,-0.087,3.4,Null,3,MeerKAT
G28.33+0.06,280.704,-4.0673,28.33,0.06,6.4,Null,3,MeerKAT
G28.56+0.00,280.8722,-3.8983,28.557,-0.012,4.6,Null,3,MeerKAT
G28.64+0.20,280.7213,-3.7276,28.64,0.2,22.8,Null,3,MeerKAT
G028.870+0.616,280.456,-3.3328,28.87,0.616,4.0,Null,3,MeerKAT
G028.929+0.254,280.8055,-3.4459,28.929,0.254,4.4,Null,3,MeerKAT
G029.329+0.280,280.9654,-3.0782,29.329,0.28,5.0,Null,3,MeerKAT
G29.41-0.18,281.4123,-3.2162,29.41,-0.18,15.0,Null,3,MeerKAT
G030.303+0.128,281.5461,-2.2811,30.303,0.128,2.0,Null,3,MeerKAT
G030.375+0.424,281.3154,-2.0819,30.375,0.424,4.6,Null,3,MeerKAT
G31.22-0.02,282.1316,-1.5102,31.256,-0.041,6.6,Null,3,MeerKAT
G31.93+0.16,282.2536,-0.8075,31.937,0.171,4.6,Null,3,MeerKAT
G32.22-0.21,282.7245,-0.724,32.226,-0.21,6.4,Null,3,MeerKAT
G032.458-0.112,282.7431,-0.4729,32.458,-0.112,3.6,Null,3,MeerKAT
G33.85+0.06,283.2216,0.8427,33.847,0.062,1.0,Null,3,MeerKAT
G034.524-0.761,284.2629,1.0697,34.524,-0.761,5.4,Null,3,MeerKAT
G034.619+0.240,283.4153,1.6109,34.619,0.24,6.0,Null,3,MeerKAT
G36.66-0.50,285.0068,3.089,36.66,-0.5,16.4,Null,3,MeerKAT
G36.68-0.14,284.6884,3.2647,36.671,-0.137,19.0,Null,3,MeerKAT
G036.839-0.433,285.029,3.2788,36.839,-0.433,5.2,Null,3,MeerKAT
G036.851-0.246,284.8679,3.375,36.851,-0.246,3.0,Null,3,MeerKAT
G36.90+0.49,284.237,3.7556,36.902,0.488,7.6,Null,3,MeerKAT
G37.62-0.22,285.1967,4.0721,37.621,-0.219,4.4,Null,3,MeerKAT
G037.672-0.501,285.4714,3.9884,37.672,-0.501,5.6,Null,3,MeerKAT
G37.88+0.32,284.8702,4.5498,37.897,0.289,27.6,Null,3,MeerKAT
G38.17+0.09,285.1886,4.6576,38.138,0.056,21.0,Null,3,MeerKAT
G38.62-0.24,285.6741,4.9507,38.62,-0.24,5.0,Null,3,MeerKAT
G38.68-0.43,285.8982,4.9189,38.694,-0.453,5.2,Null,3,MeerKAT
G38.83-0.01,285.5708,5.2489,38.838,-0.012,2.6,Null,3,MeerKAT
G039.539+0.366,285.5557,6.0452,39.539,0.366,9.0,Null,3,MeerKAT
G041.510-0.534,287.2723,7.3825,41.51,-0.534,32.0,Null,3,MeerKAT
G041.625+0.261,286.6316,7.8414,41.625,0.241,9.4,Null,3,MeerKAT
G41.95-0.18,287.16,7.9361,41.95,-0.18,14.0,Null,3,MeerKAT
G42.62+0.14,287.1559,8.6965,42.623,0.174,10.2,Null,3,MeerKAT
G042.711-0.272,287.5972,8.5689,42.711,-0.272,18.2,Null,3,MeerKAT
G043.023+0.726,286.8227,9.3043,43.011,0.746,13.0,Null,3,MeerKAT
G043.502+0.667,287.1229,9.7038,43.502,0.667,20.2,Null,3,MeerKAT
G044.076+0.127,287.878,9.9637,44.076,0.127,16.0,Null,3,MeerKAT
G46.18-0.02,288.9931,11.737,46.155,-0.02,13.0,Null,3,MeerKAT
G46.54-0.03,289.1557,12.0906,46.542,0.004,16.4,Null,3,MeerKAT
G47.15+0.73,288.7876,12.9667,47.15,0.73,1.6,Null,3,MeerKAT
G047.741-0.971,290.613,12.6926,47.741,-0.971,19.6,Null,3,MeerKAT
G048.875+0.174,290.1227,14.2319,48.875,0.174,13.2,Null,3,MeerKAT
G051.061+0.563,290.8343,16.3435,51.061,0.563,9.4,Null,3,MeerKAT
G51.21+0.11,291.3203,16.2608,51.209,0.113,29.8,Null,3,MeerKAT
G52.37-0.70,292.6723,16.8906,52.381,-0.725,37.8,Null,3,MeerKAT
G53.07+0.49,291.9001,18.078,53.071,0.49,1.8,Null,3,MeerKAT
G53.84-0.75,293.4331,18.1565,53.84,-0.75,37.4,Null,3,MeerKAT
G56.56-0.75,294.8316,20.4682,56.502,-0.774,26.2,Null,3,MeerKAT
G57.12+0.35,294.1209,21.5431,57.114,0.331,27.0,Null,3,MeerKAT
G58.70-0.31,295.5674,22.6038,58.697,-0.314,8.0,Null,3,MeerKAT
G59.46+0.83,294.9033,23.8228,59.455,0.819,7.6,Null,3,MeerKAT
G059.834-0.405,296.269,23.5442,59.834,-0.405,21.0,Null,3,MeerKAT
G257.408-00.162,126.81,-38.6692,257.408,-0.162,71.2,Null,4,MeerKAT
G259.683-01.235,127.4076,-41.1422,259.683,-1.235,15.4,Null,4,MeerKAT
G275.256-00.979,142.7775,-52.7346,275.256,-0.979,34.4,Null,4,MeerKAT
G276.229+00.419,145.5043,-52.3459,276.229,0.419,3.0,Null,4,MeerKAT
G278.924-01.195,147.2265,-55.3185,278.924,-1.195,48.2,Null,4,MeerKAT
G280.151+00.206,150.4303,-54.9766,280.151,0.206,25.6,Null,4,MeerKAT
G283.429-01.414,153.5569,-58.2031,283.429,-1.414,20.8,Null,4,MeerKAT
G283.849-01.431,154.2012,-58.4523,283.849,-1.431,19.8,Null,4,MeerKAT
G286.667+00.909,161.0671,-57.8897,286.667,0.909,13.0,Null,4,MeerKAT
G286.825+00.025,160.5371,-58.7435,286.825,0.025,42.4,Null,4,MeerKAT
G289.150-00.890,163.8174,-60.6151,289.15,-0.89,31.2,Null,4,MeerKAT
G290.575+00.465,167.5556,-59.956,290.575,0.465,30.0,Null,4,MeerKAT
G297.038-01.010,179.6617,-63.276,297.038,-1.01,62.4,Null,4,MeerKAT
G307.050-00.691,202.0454,-63.2686,307.05,-0.691,62.8,Null,4,MeerKAT
G307.510-00.954,203.148,-63.4593,307.51,-0.954,22.2,Null,4,MeerKAT
G308.309-00.189,204.5965,-62.5696,308.309,-0.189,11.8,Null,4,MeerKAT
G308.830-00.544,205.8589,-62.8188,308.83,-0.544,31.2,Null,4,MeerKAT
G309.202-00.118,206.46,-62.3256,309.202,-0.118,13.4,Null,4,MeerKAT
G310.955-00.565,210.3566,-62.3415,310.955,-0.565,5.2,Null,4,MeerKAT
G312.273-00.673,213.1299,-62.0653,312.273,-0.673,19.4,Null,4,MeerKAT
G312.504-00.018,213.1669,-61.3709,312.504,-0.018,2.2,Null,4,MeerKAT
G312.969-00.095,214.1374,-61.2971,312.969,-0.095,16.2,Null,4,MeerKAT
G313.499-00.525,215.4808,-61.5263,313.499,-0.525,15.8,Null,4,MeerKAT
G314.338-00.204,216.8772,-60.9303,314.338,-0.204,25.6,Null,4,MeerKAT
G314.620+00.256,217.072,-60.3992,314.62,0.256,24.0,Null,4,MeerKAT
G315.312-00.319,218.8159,-60.6706,315.312,-0.319,14.2,Null,4,MeerKAT
G315.620+00.332,218.876,-59.9511,315.62,0.332,5.2,Null,4,MeerKAT
G316.704+00.399,220.7882,-59.4521,316.704,0.399,14.6,Null,4,MeerKAT
G318.871-00.468,225.352,-59.2569,318.871,-0.468,18.0,Null,4,MeerKAT
G319.426-00.691,226.5116,-59.1823,319.426,-0.691,18.8,Null,4,MeerKAT
G321.311-00.862,229.7995,-58.3594,321.311,-0.862,7.0,Null,4,MeerKAT
G321.455+00.408,228.7699,-57.2051,321.455,0.408,12.8,Null,4,MeerKAT
G322.462+00.084,230.6547,-56.9415,322.462,0.084,19.4,Null,4,MeerKAT
G322.644-00.694,231.728,-57.4898,322.644,-0.694,30.0,Null,4,MeerKAT
G322.762-00.423,231.6293,-57.1991,322.762,-0.423,19.0,Null,4,MeerKAT
G323.551-00.190,232.5826,-56.5623,323.551,-0.19,54.4,Null,4,MeerKAT
G323.552-00.790,233.2116,-57.0536,323.552,-0.79,31.2,Null,4,MeerKAT
G323.884-01.128,234.0705,-57.1356,323.884,-1.128,29.2,Null,4,MeerKAT
G324.009-01.295,234.4381,-57.1971,324.009,-1.295,2.4,Null,4,MeerKAT
G324.505+00.128,233.6555,-55.7534,324.505,0.128,7.0,Null,4,MeerKAT
G324.923-00.571,234.9931,-56.0718,324.923,-0.571,11.4,Null,4,MeerKAT
G325.502+00.293,234.9034,-55.033,325.502,0.293,58.2,Null,4,MeerKAT
G326.622-00.558,237.3576,-55.0241,326.622,-0.558,57.6,Null,4,MeerKAT
G328.225-00.664,239.6066,-54.086,328.225,-0.664,11.0,Null,4,MeerKAT
G328.346-00.480,239.5606,-53.8675,328.346,-0.48,5.6,Null,4,MeerKAT
G328.479-00.108,239.3258,-53.4977,328.479,-0.108,18.6,Null,4,MeerKAT
G328.703+00.016,239.4782,-53.2584,328.703,0.016,18.6,Null,4,MeerKAT
G330.628-00.284,242.1912,-52.2106,330.628,-0.284,15.4,Null,4,MeerKAT
G331.635+00.247,242.8039,-51.1375,331.635,0.247,29.4,Null,4,MeerKAT
G332.478+00.083,243.9541,-50.6776,332.478,0.083,7.8,Null,4,MeerKAT
G333.237+00.804,244.0284,-49.6318,333.237,0.804,13.8,Null,4,MeerKAT
G333.480+00.010,245.158,-50.03,333.48,0.01,14.2,Null,4,MeerKAT
G334.038+00.040,245.7369,-49.6143,334.038,0.04,11.8,Null,4,MeerKAT
G334.834-00.044,246.6846,-49.1047,334.834,-0.044,1.8,Null,4,MeerKAT
G334.929-00.464,247.249,-49.3273,334.929,-0.464,8.4,Null,4,MeerKAT
G334.938-00.319,247.0979,-49.2206,334.938,-0.319,3.6,Null,4,MeerKAT
G334.991-00.290,247.1219,-49.1622,334.991,-0.29,2.0,Null,4,MeerKAT
G335.179+00.525,246.4301,-48.4608,335.179,0.525,14.0,Null,4,MeerKAT
G335.341-00.189,247.3787,-48.8393,335.341,-0.189,3.4,Null,4,MeerKAT
G335.386+00.252,246.9432,-48.502,335.386,0.252,11.8,Null,4,MeerKAT
G336.321-00.748,249.0094,-48.5027,336.321,-0.748,2.0,Null,4,MeerKAT
G337.031-00.210,249.1288,-47.6155,337.031,-0.21,5.0,Null,4,MeerKAT
G337.069-00.340,249.3097,-47.6747,337.069,-0.34,2.6,Null,4,MeerKAT
G337.109-00.066,249.0488,-47.4609,337.109,-0.066,2.6,Null,4,MeerKAT
G337.167+00.332,248.6734,-47.1495,337.167,0.332,5.0,Null,4,MeerKAT
G338.763+00.374,250.1818,-45.9359,338.763,0.374,23.0,Null,4,MeerKAT
G339.169-00.023,250.9955,-45.8919,339.169,-0.023,2.4,Null,4,MeerKAT
G339.190-00.266,251.2799,-46.0348,339.19,-0.266,13.0,Null,4,MeerKAT
G339.304+00.038,251.0561,-45.7499,339.304,0.038,11.2,Null,4,MeerKAT
G339.446-00.151,251.3942,-45.7656,339.446,-0.151,2.2,Null,4,MeerKAT
G339.686-00.182,251.6511,-45.6033,339.686,-0.182,8.4,Null,4,MeerKAT
G340.132-00.069,251.9395,-45.1902,340.132,-0.069,6.2,Null,4,MeerKAT
G340.763-00.463,252.9405,-44.9585,340.763,-0.463,14.8,Null,4,MeerKAT
G341.137-01.237,254.1247,-45.1565,341.137,-1.237,4.2,Null,4,MeerKAT
G341.427-00.393,253.4563,-44.4006,341.427,-0.393,8.4,Null,4,MeerKAT
G341.456-00.176,253.247,-44.2409,341.456,-0.176,15.6,Null,4,MeerKAT
G341.515+00.174,252.9227,-43.973,341.515,0.174,27.4,Null,4,MeerKAT
G341.756-00.324,253.6711,-44.1017,341.756,-0.324,11.6,Null,4,MeerKAT
G341.830-00.591,254.0256,-44.2118,341.83,-0.591,28.0,Null,4,MeerKAT
G341.997-00.007,253.5403,-43.7148,341.997,-0.007,27.4,Null,4,MeerKAT
G342.065+01.000,252.5301,-43.0224,342.065,1.0,66.4,Null,4,MeerKAT
G342.427+00.472,253.4027,-43.079,342.427,0.472,37.6,Null,4,MeerKAT
G342.556+00.615,253.3627,-42.8886,342.556,0.615,15.0,Null,4,MeerKAT
G342.731+00.172,253.9836,-43.0315,342.731,0.172,5.4,Null,4,MeerKAT
G343.326-00.335,255.0316,-42.8807,343.326,-0.335,10.0,Null,4,MeerKAT
G343.591-00.071,254.9715,-42.5093,343.591,-0.071,25.2,Null,4,MeerKAT
G344.064-00.013,255.3036,-42.1009,344.064,-0.013,13.2,Null,4,MeerKAT
G345.167-00.172,256.373,-41.3233,345.167,-0.172,12.8,Null,4,MeerKAT
G345.308-01.077,257.4536,-41.7531,345.308,-1.077,6.8,Null,4,MeerKAT
G345.532-00.001,256.4848,-40.9291,345.532,-0.001,8.8,Null,4,MeerKAT
G345.821+01.199,255.4639,-39.9699,345.821,1.199,21.0,Null,4,MeerKAT
G345.899+00.169,256.5978,-40.5338,345.899,0.169,8.6,Null,4,MeerKAT
G346.072+00.040,256.8702,-40.4732,346.072,0.04,4.6,Null,4,MeerKAT
G346.365+00.305,256.8229,-40.0797,346.365,0.305,7.6,Null,4,MeerKAT
G346.821-00.981,258.5348,-40.4747,346.821,-0.981,12.0,Null,4,MeerKAT
G346.849+00.353,257.1505,-39.6634,346.849,0.353,7.0,Null,4,MeerKAT
G346.907+00.323,257.2268,-39.6348,346.907,0.323,2.0,Null,4,MeerKAT
G347.362-00.352,258.2832,-39.6677,347.362,-0.352,31.6,Null,4,MeerKAT
G347.380+00.473,257.4356,-39.1656,347.38,0.473,38.0,Null,4,MeerKAT
G348.160-00.211,258.739,-38.9382,348.16,-0.211,24.0,Null,4,MeerKAT
G348.324-00.735,259.4108,-39.1087,348.324,-0.735,9.4,Null,4,MeerKAT
G348.374+00.153,258.5205,-38.5518,348.374,0.153,18.0,Null,4,MeerKAT
G348.586+00.249,258.5794,-38.3237,348.586,0.249,14.6,Null,4,MeerKAT
G350.299-00.086,260.1762,-37.1189,350.299,-0.086,19.4,Null,4,MeerKAT
G350.404-01.013,261.212,-37.5573,350.404,-1.013,5.2,Null,4,MeerKAT
G350.471+00.088,260.1203,-36.8784,350.471,0.088,2.6,Null,4,MeerKAT
G350.584-00.909,261.2309,-37.35,350.584,-0.909,5.6,Null,4,MeerKAT
G350.937-00.338,260.8888,-36.7367,350.937,-0.338,37.0,Null,4,MeerKAT
G351.361-00.049,260.8898,-36.2236,351.361,-0.049,19.8,Null,4,MeerKAT
G351.658+00.093,260.9522,-35.8983,351.658,0.093,11.8,Null,4,MeerKAT
G351.790-00.239,261.3829,-35.9758,351.79,-0.239,15.4,Null,4,MeerKAT
G352.220-00.458,261.9033,-35.7413,352.22,-0.458,36.2,Null,4,MeerKAT
G352.267-00.062,261.5312,-35.4815,352.267,-0.062,14.8,Null,4,MeerKAT
G352.589-00.299,261.9928,-35.3462,352.589,-0.299,14.8,Null,4,MeerKAT
G352.759-00.340,262.1501,-35.2275,352.759,-0.34,10.8,Null,4,MeerKAT
G354.353-00.018,262.8896,-33.7199,354.353,-0.018,4.6,Null,4,MeerKAT
G354.362+00.285,262.5914,-33.5459,354.362,0.285,19.8,Null,4,MeerKAT
G354.931-00.241,263.4922,-33.3571,354.931,-0.241,5.8,Null,4,MeerKAT
G355.406+00.513,263.0472,-32.548,355.406,0.513,7.0,Null,4,MeerKAT
G355.464-00.253,263.849,-32.9156,355.464,-0.253,6.0,Null,4,MeerKAT
G355.854-00.084,263.9303,-32.4961,355.854,-0.084,2.0,Null,4,MeerKAT
G355.919-00.206,264.0937,-32.5071,355.919,-0.206,4.0,Null,4,MeerKAT
G356.621+00.125,264.2101,-31.7373,356.621,0.125,8.4,Null,4,MeerKAT
G356.662-00.297,264.6554,-31.9288,356.662,-0.297,25.6,Null,4,MeerKAT
G356.717+00.139,264.2569,-31.6488,356.717,0.139,10.2,Null,4,MeerKAT
G356.795-00.073,264.5163,-31.6966,356.795,-0.073,1.6,Null,4,MeerKAT
G357.083+00.318,264.3102,-31.2439,357.083,0.318,6.4,Null,4,MeerKAT
G357.109-00.187,264.8263,-31.492,357.109,-0.187,18.0,Null,4,MeerKAT
G357.109+00.055,264.5864,-31.3629,357.109,0.055,10.4,Null,4,MeerKAT
G357.528-00.455,265.3528,-31.2791,357.528,-0.455,22.4,Null,4,MeerKAT
G357.976-00.145,265.3223,-30.735,357.976,-0.145,1.8,Null,4,MeerKAT
G358.280-00.850,266.2065,-30.8469,358.28,-0.85,28.0,Null,4,MeerKAT
G358.282+00.069,265.2994,-30.3621,358.282,0.069,5.0,Null,4,MeerKAT
G358.398+00.090,265.3498,-30.2525,358.398,0.09,5.2,Null,4,MeerKAT
G001.964-00.573,268.1107,-27.5478,1.964,-0.573,2.4,Null,4,MeerKAT
G002.684+00.032,267.9383,-26.6199,2.684,0.032,24.4,Null,4,MeerKAT
G003.270+00.128,268.1793,-26.0668,3.27,0.128,11.2,Null,4,MeerKAT
G003.656-00.124,268.6386,-25.8619,3.656,-0.124,11.0,Null,4,MeerKAT
G004.215+00.351,268.4982,-25.1394,4.215,0.351,1.4,Null,4,MeerKAT
G005.522+01.080,268.5346,-23.6433,5.522,1.08,15.2,Null,4,MeerKAT
G005.996-00.577,270.3625,-24.0623,5.996,-0.577,2.6,Null,4,MeerKAT
G006.234-00.784,270.6882,-23.9577,6.234,-0.784,2.4,Null,4,MeerKAT
G006.609-00.608,270.7228,-23.5446,6.609,-0.608,23.4,Null,4,MeerKAT
G007.374-00.149,270.6986,-22.6528,7.374,-0.149,12.0,Null,4,MeerKAT
G007.377+00.716,269.8872,-22.2217,7.377,0.716,24.6,Null,4,MeerKAT
G008.240+00.472,270.5767,-21.5932,8.24,0.472,36.8,Null,4,MeerKAT
G008.482+00.202,270.9575,-21.5156,8.482,0.202,22.8,Null,4,MeerKAT
G009.211+00.063,271.4708,-20.9483,9.211,0.063,9.4,Null,4,MeerKAT
G009.367+00.444,271.197,-20.6257,9.367,0.444,25.8,Null,4,MeerKAT
G009.811-00.083,271.9198,-20.4955,9.811,-0.083,15.6,Null,4,MeerKAT
G010.026-00.262,272.1982,-20.3945,10.026,-0.262,3.8,Null,4,MeerKAT
G010.670-00.376,272.6362,-19.886,10.67,-0.376,4.6,Null,4,MeerKAT
G012.014-00.576,273.5064,-18.8033,12.014,-0.576,12.8,Null,4,MeerKAT
G012.864+00.010,273.3929,-17.7765,12.864,0.01,19.6,Null,4,MeerKAT
G013.155-00.797,274.2839,-17.9056,13.155,-0.797,9.6,Null,4,MeerKAT
G013.313-00.695,274.2684,-17.7181,13.313,-0.695,13.2,Null,4,MeerKAT
G013.593-00.377,274.1145,-17.3206,13.593,-0.377,13.6,Null,4,MeerKAT
G014.223-00.174,274.2409,-16.6698,14.223,-0.174,26.4,Null,4,MeerKAT
G017.218-00.077,275.6189,-13.9841,17.218,-0.077,9.8,Null,4,MeerKAT
G021.466+00.135,277.4538,-10.1276,21.466,0.135,12.4,Null,4,MeerKAT
G023.293-00.563,278.9367,-8.8293,23.293,-0.563,20.4,Null,4,MeerKAT
G026.902+00.240,279.8876,-5.2545,26.902,0.24,10.2,Null,4,MeerKAT
G032.582+00.779,282.0066,0.0438,32.582,0.779,4.6,Null,4,MeerKAT
G035.997+00.957,283.4054,3.1642,35.997,0.957,22.4,Null,4,MeerKAT
G036.245+00.350,284.0597,3.108,36.245,0.35,21.0,Null,4,MeerKAT
G036.858+00.083,284.578,3.5315,36.858,0.083,11.2,Null,4,MeerKAT
G037.455-00.282,285.1767,3.8957,37.455,-0.282,9.4,Null,4,MeerKAT
G037.518-00.631,285.5166,3.792,37.518,-0.631,7.0,Null,4,MeerKAT
G037.693+01.814,283.4149,5.0639,37.693,1.814,116.0,Null,4,MeerKAT
G037.877+00.593,284.5897,4.6709,37.877,0.593,6.2,Null,4,MeerKAT
G038.214-00.202,285.4536,4.6072,38.214,-0.202,2.0,Null,4,MeerKAT
G038.815-00.136,285.671,5.1717,38.815,-0.136,8.6,Null,4,MeerKAT
G039.038+00.748,284.9838,5.7744,39.038,0.748,23.4,Null,4,MeerKAT
G039.516+00.501,285.4244,6.0865,39.516,0.501,12.2,Null,4,MeerKAT
G040.341+00.277,286.0051,6.7172,40.341,0.277,3.2,Null,4,MeerKAT
G040.449+00.540,285.8195,6.9338,40.449,0.54,18.2,Null,4,MeerKAT
G040.866+00.155,286.357,7.1277,40.866,0.155,21.2,Null,4,MeerKAT
G041.699+00.975,286.0074,8.244,41.699,0.975,6.0,Null,4,MeerKAT
G042.186-00.802,287.827,7.8584,42.186,-0.802,4.0,Null,4,MeerKAT
G042.506-00.445,287.6566,8.3071,42.506,-0.445,3.4,Null,4,MeerKAT
G042.665-00.634,287.9003,8.3607,42.665,-0.634,3.6,Null,4,MeerKAT
G042.954+00.074,287.4002,8.9441,42.954,0.074,8.8,Null,4,MeerKAT
G043.047-00.067,287.5702,8.9615,43.047,-0.067,10.8,Null,4,MeerKAT
G046.304+00.352,288.7275,12.042,46.304,0.352,22.4,Null,4,MeerKAT
G046.577+00.221,288.976,12.2227,46.577,0.221,18.0,Null,4,MeerKAT
G043.942+01.442,286.6295,10.4509,43.942,1.442,16.2,Null,4,MeerKAT
G044.106+00.595,287.4705,10.2065,44.106,0.595,48.4,Null,4,MeerKAT
G044.339+01.273,286.9677,10.7257,44.339,1.273,5.0,Null,4,MeerKAT
G046.420-00.169,289.254,11.902,46.42,-0.169,18.6,Null,4,MeerKAT
G046.910+00.114,289.2318,12.4674,46.91,0.114,14.6,Null,4,MeerKAT
G050.489-00.410,291.4435,15.3789,50.489,-0.41,17.8,Null,4,MeerKAT
G051.746+01.384,290.415,17.3345,51.746,1.384,17.2,Null,4,MeerKAT
G055.226+00.477,293.0051,19.9629,55.226,0.477,32.8,Null,4,MeerKAT
G056.116+00.294,293.635,20.6533,56.116,0.294,5.8,Null,4,MeerKAT
G057.423+00.864,293.7816,22.0725,57.423,0.864,23.8,Null,4,MeerKAT
G057.675+00.676,294.0913,22.2011,57.675,0.676,23.8,Null,4,MeerKAT
G057.868+00.221,294.6218,22.1468,57.868,0.221,16.8,Null,4,MeerKAT
G057.884+00.543,294.327,22.3185,57.884,0.543,23.8,Null,4,MeerKAT
G058.285+00.307,294.7622,22.5523,58.285,0.307,3.4,Null,4,MeerKAT
G274.523-01.021,141.8556,-52.2614,274.523,-1.021,11.2,Null,5,MeerKAT
G279.423-01.431,147.6441,-55.8173,279.423,-1.431,8.4,Null,5,MeerKAT
G282.022-00.782,152.0824,-56.8793,282.022,-0.782,4.4,Null,5,MeerKAT
G284.217+00.400,156.6401,-57.1114,284.217,0.4,17.2,Null,5,MeerKAT
G289.104-00.563,164.0189,-60.3002,289.104,-0.563,5.8,Null,5,MeerKAT
G293.650-00.229,172.9961,-61.6605,293.65,-0.229,17.0,Null,5,MeerKAT
G298.516-00.352,183.1323,-62.8897,298.516,-0.352,8.4,Null,5,MeerKAT
G301.980-00.316,190.7499,-63.1722,301.98,-0.316,2.4,Null,5,MeerKAT
G310.863+00.011,209.8426,-61.8102,310.863,0.011,2.2,Null,5,MeerKAT
G314.085-00.486,216.599,-61.2845,314.085,-0.486,12.0,Null,5,MeerKAT
G315.487-00.790,219.5276,-61.0344,315.487,-0.79,1.2,Null,5,MeerKAT
G319.685+00.121,226.1778,-58.3477,319.685,0.121,4.2,Null,5,MeerKAT
G322.113+00.879,229.3405,-56.4585,322.113,0.879,13.4,Null,5,MeerKAT
G324.067-00.581,233.7571,-56.5848,324.067,-0.581,8.6,Null,5,MeerKAT
G324.633-00.410,234.4034,-56.1144,324.633,-0.41,3.6,Null,5,MeerKAT
G325.709+00.959,234.5072,-54.3742,325.709,0.959,21.0,Null,5,MeerKAT
G329.877-00.458,241.4684,-52.8438,329.877,-0.458,1.4,Null,5,MeerKAT
G332.176+01.426,242.1717,-49.9041,332.176,1.426,2.0,Null,5,MeerKAT
G332.228+00.198,243.5431,-50.767,332.228,0.198,2.2,Null,5,MeerKAT
G336.953-00.046,248.8712,-47.5627,336.953,-0.046,4.2,Null,5,MeerKAT
G337.412+00.077,249.1932,-47.1405,337.412,0.077,5.8,Null,5,MeerKAT
G339.388+00.700,250.4229,-45.2515,339.388,0.7,3.4,Null,5,MeerKAT
G341.503-00.424,253.5571,-44.3612,341.503,-0.424,1.8,Null,5,MeerKAT
G344.833-00.028,255.9502,-41.5015,344.833,-0.028,3.2,Null,5,MeerKAT
G345.685+00.193,256.4025,-40.69,345.685,0.193,2.0,Null,5,MeerKAT
G345.884-00.172,256.9452,-40.7507,345.884,-0.172,4.2,Null,5,MeerKAT
G346.169-00.419,257.4311,-40.6696,346.169,-0.419,10.0,Null,5,MeerKAT
G346.366+00.105,257.0331,-40.1988,346.366,0.105,6.2,Null,5,MeerKAT
G346.378-00.024,257.1779,-40.2663,346.378,-0.024,4.2,Null,5,MeerKAT
G351.058+00.022,260.6044,-36.4333,351.058,0.022,4.4,Null,5,MeerKAT
G354.136-00.185,262.9147,-33.9929,354.136,-0.185,4.8,Null,5,MeerKAT
G354.191+00.620,262.1431,-33.5035,354.191,0.62,15.8,Null,5,MeerKAT
G354.299-00.066,262.9023,-33.7913,354.299,-0.066,2.6,Null,5,MeerKAT
G355.946+00.192,263.7142,-32.2695,355.946,0.192,6.6,Null,5,MeerKAT
G356.489-00.007,264.2577,-31.9195,356.489,-0.007,5.6,Null,5,MeerKAT
G001.708-00.145,267.5482,-27.5491,1.708,-0.145,6.6,Null,5,MeerKAT
G001.763+00.057,267.3847,-27.3981,1.763,0.057,4.8,Null,5,MeerKAT
G002.361-00.134,267.9135,-26.9824,2.361,-0.134,19.0,Null,5,MeerKAT
G002.805+00.131,267.9122,-26.4654,2.805,0.131,6.2,Null,5,MeerKAT
G005.489-00.350,269.8704,-24.3898,5.489,-0.35,11.0,Null,5,MeerKAT
G006.195+00.651,269.3081,-23.2781,6.195,0.651,5.4,Null,5,MeerKAT
G009.923-00.270,272.1523,-20.4884,9.923,-0.27,5.2,Null,5,MeerKAT
G013.379+00.138,273.5335,-17.2631,13.379,0.138,10.8,Null,5,MeerKAT
G017.307+00.095,275.5056,-13.8247,17.307,0.095,5.4,Null,5,MeerKAT
G018.513+00.077,276.103,-12.7679,18.513,0.077,15.8,Null,5,MeerKAT
G019.175+00.653,275.8992,-11.9133,19.175,0.653,7.4,Null,5,MeerKAT
G019.225+00.823,275.7697,-11.7895,19.225,0.823,6.0,Null,5,MeerKAT
G043.335-00.252,287.8711,9.1314,43.335,-0.252,2.2,Null,5,MeerKAT
G051.564+00.095,291.5125,16.5647,51.564,0.095,1.4,Null,5,MeerKAT
G0.0+0.0,266.4333333333333,-29.0,0.0,0.0,3.5,100.0,1,Green
G0.3+0.0,266.5625,-28.63333333,0.3,0.0,15.0,22.0,1,Green
G0.9+0.1,266.8375,-28.15,0.9,0.1,8.0,18.0,1,Green
G1.0-0.1,267.125,-28.15,1.0,-0.1,8.0,15.0,1,Green
G3.1-0.6,268.875,-26.58333333,3.1,-0.6,52.0,5.0,1,Green
G3.8+0.3,268.2291666666667,-25.46666667,3.8,0.3,18.0,3.0,1,Green
G4.2-3.5,272.2291666666667,-27.05,4.2,-3.5,28.0,3.2,1,Green
G4.5+6.8,262.675,-21.48333333,4.5,6.8,3.0,19.0,1,Green
G4.8+6.2,263.35416666666663,-21.56666667,4.8,6.2,18.0,3.0,1,Green
G5.2-2.6,271.875,-25.75,5.2,-2.6,18.0,2.6,1,Green
G5.4-1.2,270.5416666666667,-24.9,5.4,-1.2,35.0,35.0,1,Green
G5.5+0.3,269.26666666666665,-24.0,5.5,0.3,15.0,5.5,1,Green
G5.9+3.1,266.83333333333337,-22.26666667,5.9,3.1,20.0,3.3,1,Green
G6.1+0.5,269.3708333333333,-23.41666667,6.1,0.5,18.0,4.5,1,Green
G6.1+1.2,268.7291666666667,-23.08333333,6.1,1.2,30.0,4.0,1,Green
G6.4-0.1,270.125,-23.43333333,6.4,-0.1,48.0,310.0,1,Green
G6.4+4.0,266.29166666666663,-21.36666667,6.4,4.0,31.0,1.3,1,Green
G7.2+0.2,270.27916666666664,-22.63333333,7.2,0.2,12.0,2.8,1,Green
G7.5-1.7,272.5,-23.16666667,7.5,-1.7,100.0,18.0,1,Green
G7.7-3.7,274.3541666666667,-24.06666667,7.7,-3.7,22.0,11.0,1,Green
G8.7-5.0,276.04166666666663,-23.8,8.7,-5.0,26.0,4.4,1,Green
G8.7-0.1,271.375,-21.43333333,8.7,-0.1,45.0,80.0,1,Green
G8.9+0.4,270.9916666666667,-21.05,8.9,0.4,24.0,9.0,1,Green
G9.7+0.0,271.84166666666664,-20.58333333,9.7,0.0,15.0,3.7,1,Green
G11.0+0.0,272.5166666666667,-19.41666667,11.0,0.0,11.0,1.3,1,Green
G11.1-0.7,273.19166666666666,-19.63333333,11.1,-0.7,11.0,1.0,1,Green
G11.1+0.1,272.4458333333333,-19.2,11.1,0.1,12.0,2.3,1,Green
G11.8-0.2,273.10416666666663,-18.73333333,11.8,-0.2,4.0,0.7,1,Green
G12.0-0.1,273.0458333333333,-18.61666667,12.0,-0.1,7.0,3.5,1,Green
G12.5+0.2,273.0583333333333,-17.91666667,12.5,0.2,6.0,0.6,1,Green
G13.1-0.5,274.0,-17.81666667,13.1,-0.5,38.0,11.0,1,Green
G13.3-1.3,274.83333333333337,-18.0,13.3,-1.3,70.0,Null,1,Green
G14.1-0.1,274.1666666666667,-16.68333333,14.1,-0.1,6.0,0.5,1,Green
G15.1-1.6,276.0,-16.56666667,15.1,-1.6,30.0,5.5,1,Green
G15.4+0.1,274.5083333333333,-15.45,15.4,0.1,15.0,5.6,1,Green
G15.9+0.2,274.71666666666664,-15.03333333,15.9,0.2,7.0,5.0,1,Green
G16.0-0.5,275.4833333333333,-15.23333333,16.0,-0.5,15.0,2.7,1,Green
G16.2-2.7,277.4166666666667,-16.13333333,16.2,-2.7,17.0,2.5,1,Green
G17.4-2.3,277.7291666666667,-14.86666667,17.4,-2.3,24.0,5.0,1,Green
G17.8-2.6,278.20833333333337,-14.65,17.8,-2.6,24.0,5.0,1,Green
G17.8+16.7,261.04166666666663,-5.166666667,17.8,16.7,51.0,2.7,1,Green
G18.9-1.1,277.45833333333337,-12.96666667,18.9,-1.1,33.0,37.0,1,Green
G19.1+0.2,276.2333333333333,-12.11666667,19.1,0.2,27.0,10.0,1,Green
G21.5-0.9,278.3875,-10.58333333,21.5,-0.9,5.0,7.0,1,Green
G21.8-3.0,280.45833333333337,-11.26666667,21.8,-3.0,60.0,5.0,1,Green
G23.3-0.3,278.6875,-8.8,23.3,-0.3,27.0,70.0,1,Green
G24.7-0.6,279.6791666666667,-7.533333333,24.7,-0.6,15.0,8.0,1,Green
G24.7+0.6,278.54166666666663,-7.083333333,24.7,0.6,30.0,20.0,1,Green
G25.1-2.3,281.29166666666663,-8.0,25.1,-2.3,80.0,8.0,1,Green
G27.8+0.6,279.9583333333333,-4.4,27.8,0.6,50.0,30.0,1,Green
G28.6-0.1,280.9791666666667,-3.883333333,28.6,-0.1,13.0,3.0,1,Green
G28.8+1.5,279.75,-2.916666667,28.8,1.5,100.0,Null,1,Green
G30.7-2.0,283.60416666666663,-2.9,30.7,-2.0,16.0,0.5,1,Green
G30.7+1.0,281.0,-1.533333333,30.7,1.0,24.0,6.0,1,Green
G32.0-4.9,286.5,-3.0,32.0,-4.9,60.0,22.0,1,Green
G32.1-0.9,283.29166666666663,-1.133333333,32.1,-0.9,40.0,4.0,1,Green
G35.6-0.4,284.4791666666667,2.216666666666667,35.6,-0.4,15.0,9.0,1,Green
G36.6-0.7,285.14583333333337,2.9333333333333336,36.6,-0.7,25.0,1.0,1,Green
G36.6+2.6,282.20416666666665,4.433333333333334,36.6,2.6,17.0,0.7,1,Green
G38.7-1.3,286.66666666666674,4.466666666666667,38.7,-1.3,32.0,Null,1,Green
G39.7-2.0,288.0833333333333,4.916666666666667,39.7,-2.0,120.0,85.0,1,Green
G41.5+0.4,286.4583333333333,7.766666666666667,41.5,0.4,10.0,1.0,1,Green
G42.8+0.6,286.83333333333337,9.083333333333334,42.8,0.6,24.0,3.0,1,Green
G43.9+1.6,286.4583333333333,10.5,43.9,1.6,60.0,9.0,1,Green
G45.7-0.4,289.10416666666663,11.15,45.7,-0.4,22.0,4.2,1,Green
G49.2-0.7,290.9583333333333,14.1,49.2,-0.7,30.0,160.0,1,Green
G53.4+0.0,292.4875,18.166666666666668,53.4,0.0,10.0,1.5,1,Green
G53.6-2.2,294.7083333333333,17.233333333333334,53.6,-2.2,33.0,8.0,1,Green
G55.0+0.3,293.0,19.83333333333333,55.0,0.3,20.0,0.5,1,Green
G55.7+3.4,290.33333333333337,21.73333333333333,55.7,3.4,23.0,1.0,1,Green
G57.2+0.8,293.74583333333334,21.95,57.2,0.8,12.0,1.8,1,Green
G63.7+1.1,296.9666666666667,27.75,63.7,1.1,8.0,1.8,1,Green
G64.5+0.9,297.60416666666663,28.266666666666666,64.5,0.9,8.0,0.15,1,Green
G65.1+0.6,298.6666666666667,28.58333333333333,65.1,0.6,90.0,5.5,1,Green
G65.3+5.7,293.25,31.166666666666668,65.3,5.7,310.0,42.0,1,Green
G65.7+1.2,298.04166666666663,29.433333333333334,65.7,1.2,22.0,5.1,1,Green
G66.0+0.0,299.4583333333333,29.05,66.0,0.0,31.0,Null,1,Green
G67.6+0.9,299.4375,30.883333333333333,67.6,0.9,50.0,Null,1,Green
G67.7+1.8,298.6333333333333,31.48333333333333,67.7,1.8,15.0,1.0,1,Green
G67.8+0.5,300.0,30.85,67.8,0.5,7.0,Null,1,Green
G68.6-1.2,302.1666666666667,30.616666666666667,68.6,-1.2,23.0,1.1,1,Green
G69.0+2.7,298.3333333333333,32.916666666666664,69.0,2.7,80.0,120.0,1,Green
G69.7+1.0,300.66666666666674,32.71666666666667,69.7,1.0,16.0,2.0,1,Green
G70.0-21.5,321.0,19.383333333333333,70.0,-21.5,330.0,Null,1,Green
G73.9+0.9,303.5625,36.2,73.9,0.9,27.0,9.0,1,Green
G74.0-8.5,312.75,30.666666666666668,74.0,-8.5,230.0,210.0,1,Green
G74.9+1.2,304.00833333333327,37.2,74.9,1.2,8.0,9.0,1,Green
G76.9+1.0,305.58333333333337,38.71666666666667,76.9,1.0,9.0,2.0,1,Green
G78.2+2.1,305.2083333333333,40.43333333333333,78.2,2.1,60.0,320.0,1,Green
G82.2+5.3,304.75,45.5,82.2,5.3,95.0,120.0,1,Green
G83.0-0.3,311.7291666666667,42.86666666666667,83.0,-0.3,9.0,1.0,1,Green
G84.2-0.8,313.3333333333333,43.45,84.2,-0.8,20.0,11.0,1,Green
G85.4+0.7,312.6666666666667,45.36666666666667,85.4,0.7,24.0,Null,1,Green
G85.9-0.6,314.6666666666667,44.88333333333333,85.9,-0.6,24.0,Null,1,Green
G89.0+4.7,311.25,50.583333333333336,89.0,4.7,120.0,220.0,1,Green
G93.3+6.9,313.10416666666663,55.35,93.3,6.9,27.0,9.0,1,Green
G93.7-0.2,322.33333333333337,50.833333333333336,93.7,-0.2,80.0,65.0,1,Green
G94.0+1.0,321.2083333333333,51.88333333333333,94.0,1.0,30.0,13.0,1,Green
G96.0+2.0,322.625,53.98333333333333,96.0,2.0,26.0,0.35,1,Green
G106.3+2.7,336.875,60.833333333333336,106.3,2.7,60.0,6.0,1,Green
G107.0+9.0,330.25,66.5,107.0,9.0,180.0,11.0,1,Green
G108.2-0.6,343.4166666666667,58.833333333333336,108.2,-0.6,70.0,8.0,1,Green
G109.1-1.0,345.3958333333333,58.88333333333333,109.1,-1.0,28.0,20.0,1,Green
G111.7-2.1,350.8583333333333,58.8,111.7,-2.1,5.0,2300.0,1,Green
G113.0+0.2,351.70833333333337,61.43333333333333,113.0,0.2,40.0,4.0,1,Green
G114.3+0.3,354.25,61.91666666666666,114.3,0.3,90.0,5.5,1,Green
G116.5+1.1,358.4166666666667,63.25,116.5,1.1,80.0,10.0,1,Green
G116.6-26.1,5.75,36.5,116.6,-26.1,235.0,Null,1,Green
G116.9+0.2,359.7916666666667,62.43333333333333,116.9,0.2,34.0,8.0,1,Green
G119.5+10.2,1.6666666666666667,72.75,119.5,10.2,90.0,36.0,1,Green
G120.1+1.4,6.325,64.15,120.1,1.4,8.0,50.0,1,Green
G126.2+1.6,20.5,64.25,126.2,1.6,70.0,6.0,1,Green
G127.1+0.5,22.083333333333336,63.16666666666666,127.1,0.5,45.0,12.0,1,Green
G130.7+3.1,31.42083333333333,64.81666666666666,130.7,3.1,9.0,33.0,1,Green
G132.7+1.3,34.416666666666664,62.75,132.7,1.3,80.0,45.0,1,Green
G150.3+4.5,66.75,55.46666666666667,150.3,4.5,180.0,Null,1,Green
G152.4-2.1,61.958333333333336,49.18333333333333,152.4,-2.1,100.0,3.5,1,Green
G156.2+5.7,74.66666666666667,51.833333333333336,156.2,5.7,110.0,5.0,1,Green
G159.6+7.3,80.0,50.0,159.6,7.3,240.0,Null,1,Green
G160.9+2.6,75.25,46.66666666666666,160.9,2.6,140.0,110.0,1,Green
G166.0+4.3,81.62500000000001,42.93333333333333,166.0,4.3,55.0,7.0,1,Green
G178.2-4.2,81.27083333333334,28.183333333333334,178.2,-4.2,72.0,2.0,1,Green
G179.0+2.6,88.41666666666666,31.08333333333333,179.0,2.6,70.0,7.0,1,Green
G180.0-1.7,84.75,27.83333333333333,180.0,-1.7,180.0,65.0,1,Green
G181.1+9.5,96.66666666666669,32.5,181.1,9.5,74.0,0.4,1,Green
G182.4+4.3,92.04166666666669,29.0,182.4,4.3,50.0,0.5,1,Green
G184.6-5.8,83.62916666666666,22.016666666666666,184.6,-5.8,7.0,900.0,1,Green
G189.1+3.0,94.25,22.566666666666663,189.1,3.0,45.0,165.0,1,Green
G189.6+3.3,94.91666666666666,22.0,189.6,3.3,90.0,Null,1,Green
G190.9-2.2,90.47916666666666,18.4,190.9,-2.2,70.0,1.3,1,Green
G203.1+6.6,104.25,11.666666666666666,203.1,6.6,150.0,Null,1,Green
G205.5+0.5,99.75,6.5,205.5,0.5,220.0,140.0,1,Green
G206.7+5.9,105.25,8.166666666666666,206.7,5.9,210.0,Null,1,Green
G206.9+2.3,102.16666666666666,6.433333333333334,206.9,2.3,60.0,6.0,1,Green
G213.0-0.6,102.70833333333331,-0.5,213.0,-0.6,160.0,21.0,1,Green
G249.5+24.5,143.5,-17.0,249.5,24.5,260.0,27.0,1,Green
G260.4-3.4,125.54166666666669,-43.0,260.4,-3.4,60.0,130.0,1,Green
G261.9+5.5,136.08333333333334,-38.7,261.9,5.5,40.0,10.0,1,Green
G263.9-3.3,128.5,-45.83333333,263.9,-3.3,255.0,1750.0,1,Green
G266.2-1.2,133.0,-46.33333333,266.2,-1.2,120.0,50.0,1,Green
G272.2-3.2,136.70833333333334,-52.11666667,272.2,-3.2,15.0,0.4,1,Green
G279.0+1.1,149.41666666666666,-53.25,279.0,1.1,95.0,30.0,1,Green
G286.5-1.2,158.91666666666669,-59.7,286.5,-1.2,26.0,1.4,1,Green
G296.5+10.0,182.41666666666669,-52.41666667,296.5,10.0,90.0,48.0,1,Green
G315.1+2.7,216.125,-57.83333333,315.1,2.7,190.0,Null,1,Green
G322.1+0.0,230.20416666666668,-57.16666667,322.1,0.0,8.0,Null,1,Green
G323.7-1.0,233.625,-57.2,323.7,-1.0,51.0,Null,1,Green
G326.3-1.8,238.25,-56.16666667,326.3,-1.8,38.0,145.0,1,Green
G327.1-1.1,238.60416666666669,-55.15,327.1,-1.1,18.0,7.0,1,Green
G327.6+14.6,225.70833333333331,-41.93333333,327.6,14.6,30.0,19.0,1,Green
G330.0+15.0,227.5,-40.0,330.0,15.0,180.0,350.0,1,Green
G332.0+0.2,243.32083333333333,-50.88333333,332.0,0.2,12.0,8.0,1,Green
G332.4+0.1,243.83333333333331,-50.7,332.4,0.1,15.0,26.0,1,Green
G332.5-5.6,250.8333333333333,-54.5,332.5,-5.6,35.0,2.0,1,Green
G336.7+0.5,248.04583333333332,-47.31666667,336.7,0.5,14.0,6.0,1,Green
G337.3+1.0,248.1625,-46.6,337.3,1.0,15.0,16.0,1,Green
G337.8-0.1,249.75416666666663,-46.98333333,337.8,-0.1,9.0,15.0,1,Green
G338.5+0.1,250.2875,-46.31666667,338.5,0.1,9.0,12.0,1,Green
G340.4+0.4,251.62916666666663,-44.65,340.4,0.4,10.0,5.0,1,Green
G340.6+0.3,251.92083333333332,-44.56666667,340.6,0.3,6.0,5.0,1,Green
G341.2+0.9,251.89583333333337,-43.78333333,341.2,0.9,22.0,1.5,1,Green
G342.0-0.2,253.7083333333333,-43.88333333,342.0,-0.2,12.0,3.5,1,Green
G343.0-6.0,261.25,-46.5,343.0,-6.0,250.0,Null,1,Green
G343.1-2.3,257.0,-44.26666667,343.1,-2.3,32.0,8.0,1,Green
G343.1-0.7,255.10416666666663,-43.23333333,343.1,-0.7,27.0,7.8,1,Green
G347.3-0.5,258.4583333333333,-39.75,347.3,-0.5,65.0,30.0,1,Green
G348.5+0.0,258.8583333333333,-38.46666667,348.5,0.0,10.0,10.0,1,Green
G348.7+0.3,258.4791666666667,-38.18333333,348.7,0.3,17.0,26.0,1,Green
G349.2-0.1,259.3125,-38.06666667,349.2,-0.1,9.0,1.4,1,Green
G350.0-2.0,261.9583333333333,-38.53333333,350.0,-2.0,45.0,26.0,1,Green
G351.0-5.4,266.5,-39.41666667,351.0,-5.4,30.0,Null,1,Green
G351.7+0.8,260.25,-35.45,351.7,0.8,18.0,10.0,1,Green
G353.3-1.1,263.29166666666663,-35.2,353.3,-1.1,60.0,24.0,1,Green
G353.9-2.0,264.7291666666667,-35.18333333,353.9,-2.0,13.0,1.0,1,Green
G354.1+0.1,262.6166666666667,-33.76666667,354.1,0.1,15.0,Null,1,Green
G355.4+0.7,262.8333333333333,-32.43333333,355.4,0.7,25.0,5.0,1,Green
G355.6+0.0,263.81666666666666,-32.63333333,355.6,0.0,8.0,3.0,1,Green
G355.9-2.5,266.4708333333333,-33.71666667,355.9,-2.5,13.0,8.0,1,Green
G356.2+4.5,259.75,-29.66666667,356.2,4.5,25.0,4.0,1,Green
G356.3-0.3,264.4833333333333,-32.26666667,356.3,-0.3,11.0,3.0,1,Green
G358.0+3.8,261.5,-28.6,358.0,3.8,38.0,1.5,1,Green
G358.5-0.9,266.54166666666663,-30.66666667,358.5,-0.9,17.0,4.0,1,Green
G359.0-0.9,266.7083333333333,-30.26666667,359.0,-0.9,23.0,23.0,1,Green
G359.1-0.5,266.375,-29.95,359.1,-0.5,24.0,14.0,1,Green
G359.1+0.9,264.9,-29.18333333,359.1,0.9,12.0,2.0,1,Green
G359.2-1.1,267.05833333333334,-30.2,359.2,-1.1,5.0,0.4,1,Green
